[{
  "Author": "Pyon",
  "Name": "TargetPyon",
  "Punchline": "Track who is targeting you in an overlay list.",
  "Description": "Track who is targeting you in an overlay list.",
  "Changelog": "",
  "InternalName": "Target",
  "AssemblyVersion": "1.0.0.4",
  "RepoUrl": "https://github.com/priprii/FFXIVTarget",
  "ApplicableVersion": "any",
  "Tags": [
    "target",
    "pyon"
  ],
  "DalamudApiLevel": 7,
  "DownloadLinkInstall": "https://github.com/priprii/FFXIVTarget/raw/main/bin/Target.zip",
  "DownloadLinkTesting": "https://github.com/priprii/FFXIVTarget/raw/main/bin/Target.zip",
  "DownloadLinkUpdate": "https://github.com/priprii/FFXIVTarget/raw/main/bin/Target.zip"
}]